Workbook
Name Slicer_Department: #N/A
Name Slicer_Reason: #N/A

Sheet DASHBOARD
A1: ATTENDANCE DASHBOARD

Sheet Data
A1: Employee ID | B1: Department | C1: Date | D1: Weekday | E1: Status | F1: Reason
A2: EMP001 | B2: Warehouse | C2: 46174 | D2: =TEXT(C2,"ddd") -> Mon | E2: Present
A3: EMP001 | B3: Warehouse | C3: 46175 | D3: =TEXT(C3,"ddd") -> Tue | E3: Present
A4: EMP001 | B4: Warehouse | C4: 46176 | D4: =TEXT(C4,"ddd") -> Wed | E4: Present
A5: EMP001 | B5: Warehouse | C5: 46177 | D5: =TEXT(C5,"ddd") -> Thu | E5: Present
A6: EMP001 | B6: Warehouse | C6: 46178 | D6: =TEXT(C6,"ddd") -> Fri | E6: Absent | F6: Unexcused
A7: EMP001 | B7: Warehouse | C7: 46181 | D7: =TEXT(C7,"ddd") -> Mon | E7: Present
A8: EMP001 | B8: Warehouse | C8: 46182 | D8: =TEXT(C8,"ddd") -> Tue | E8: Present
A9: EMP001 | B9: Warehouse | C9: 46183 | D9: =TEXT(C9,"ddd") -> Wed | E9: Present
A10: EMP001 | B10: Warehouse | C10: 46184 | D10: =TEXT(C10,"ddd") -> Thu | E10: Present
A11: EMP001 | B11: Warehouse | C11: 46185 | D11: =TEXT(C11,"ddd") -> Fri | E11: Present
A12: EMP001 | B12: Warehouse | C12: 46188 | D12: =TEXT(C12,"ddd") -> Mon | E12: Present
A13: EMP001 | B13: Warehouse | C13: 46189 | D13: =TEXT(C13,"ddd") -> Tue | E13: Absent | F13: Sick
A14: EMP001 | B14: Warehouse | C14: 46190 | D14: =TEXT(C14,"ddd") -> Wed | E14: Present
A15: EMP001 | B15: Warehouse | C15: 46191 | D15: =TEXT(C15,"ddd") -> Thu | E15: Present
A16: EMP001 | B16: Warehouse | C16: 46192 | D16: =TEXT(C16,"ddd") -> Fri | E16: Present
A17: EMP001 | B17: Warehouse | C17: 46195 | D17: =TEXT(C17,"ddd") -> Mon | E17: Present
A18: EMP001 | B18: Warehouse | C18: 46196 | D18: =TEXT(C18,"ddd") -> Tue | E18: Present
A19: EMP001 | B19: Warehouse | C19: 46197 | D19: =TEXT(C19,"ddd") -> Wed | E19: Present
A20: EMP001 | B20: Warehouse | C20: 46198 | D20: =TEXT(C20,"ddd") -> Thu | E20: Absent | F20: Sick
A21: EMP001 | B21: Warehouse | C21: 46199 | D21: =TEXT(C21,"ddd") -> Fri | E21: Present
A22: EMP001 | B22: Warehouse | C22: 46202 | D22: =TEXT(C22,"ddd") -> Mon | E22: Absent | F22: Vacation
A23: EMP001 | B23: Warehouse | C23: 46203 | D23: =TEXT(C23,"ddd") -> Tue | E23: Present
A24: EMP001 | B24: Warehouse | C24: 46204 | D24: =TEXT(C24,"ddd") -> Wed | E24: Present
A25: EMP001 | B25: Warehouse | C25: 46205 | D25: =TEXT(C25,"ddd") -> Thu | E25: Present
A26: EMP001 | B26: Warehouse | C26: 46206 | D26: =TEXT(C26,"ddd") -> Fri | E26: Present
A27: EMP001 | B27: Warehouse | C27: 46209 | D27: =TEXT(C27,"ddd") -> Mon | E27: Present
A28: EMP001 | B28: Warehouse | C28: 46210 | D28: =TEXT(C28,"ddd") -> Tue | E28: Present
A29: EMP001 | B29: Warehouse | C29: 46211 | D29: =TEXT(C29,"ddd") -> Wed | E29: Present
A30: EMP001 | B30: Warehouse | C30: 46212 | D30: =TEXT(C30,"ddd") -> Thu | E30: Present
A31: EMP001 | B31: Warehouse | C31: 46213 | D31: =TEXT(C31,"ddd") -> Fri | E31: Present
A32: EMP001 | B32: Warehouse | C32: 46216 | D32: =TEXT(C32,"ddd") -> Mon | E32: Present
A33: EMP001 | B33: Warehouse | C33: 46217 | D33: =TEXT(C33,"ddd") -> Tue | E33: Present
A34: EMP001 | B34: Warehouse | C34: 46218 | D34: =TEXT(C34,"ddd") -> Wed | E34: Present
A35: EMP001 | B35: Warehouse | C35: 46219 | D35: =TEXT(C35,"ddd") -> Thu | E35: Present
A36: EMP001 | B36: Warehouse | C36: 46220 | D36: =TEXT(C36,"ddd") -> Fri | E36: Absent | F36: Personal
A37: EMP001 | B37: Warehouse | C37: 46223 | D37: =TEXT(C37,"ddd") -> Mon | E37: Present
A38: EMP001 | B38: Warehouse | C38: 46224 | D38: =TEXT(C38,"ddd") -> Tue | E38: Present
A39: EMP001 | B39: Warehouse | C39: 46225 | D39: =TEXT(C39,"ddd") -> Wed | E39: Present
A40: EMP001 | B40: Warehouse | C40: 46226 | D40: =TEXT(C40,"ddd") -> Thu | E40: Present
A41: EMP001 | B41: Warehouse | C41: 46227 | D41: =TEXT(C41,"ddd") -> Fri | E41: Present
A42: EMP001 | B42: Warehouse | C42: 46230 | D42: =TEXT(C42,"ddd") -> Mon | E42: Present
A43: EMP001 | B43: Warehouse | C43: 46231 | D43: =TEXT(C43,"ddd") -> Tue | E43: Present
A44: EMP001 | B44: Warehouse | C44: 46232 | D44: =TEXT(C44,"ddd") -> Wed | E44: Present
A45: EMP001 | B45: Warehouse | C45: 46233 | D45: =TEXT(C45,"ddd") -> Thu | E45: Present
A46: EMP001 | B46: Warehouse | C46: 46234 | D46: =TEXT(C46,"ddd") -> Fri | E46: Absent | F46: Vacation
A47: EMP001 | B47: Warehouse | C47: 46237 | D47: =TEXT(C47,"ddd") -> Mon | E47: Present
A48: EMP001 | B48: Warehouse | C48: 46238 | D48: =TEXT(C48,"ddd") -> Tue | E48: Present
A49: EMP001 | B49: Warehouse | C49: 46239 | D49: =TEXT(C49,"ddd") -> Wed | E49: Present
A50: EMP001 | B50: Warehouse | C50: 46240 | D50: =TEXT(C50,"ddd") -> Thu | E50: Absent | F50: Personal
A51: EMP001 | B51: Warehouse | C51: 46241 | D51: =TEXT(C51,"ddd") -> Fri | E51: Absent | F51: Sick
A52: EMP001 | B52: Warehouse | C52: 46244 | D52: =TEXT(C52,"ddd") -> Mon | E52: Present
A53: EMP001 | B53: Warehouse | C53: 46245 | D53: =TEXT(C53,"ddd") -> Tue | E53: Absent | F53: Unexcused
A54: EMP001 | B54: Warehouse | C54: 46246 | D54: =TEXT(C54,"ddd") -> Wed | E54: Present
A55: EMP001 | B55: Warehouse | C55: 46247 | D55: =TEXT(C55,"ddd") -> Thu | E55: Present
A56: EMP001 | B56: Warehouse | C56: 46248 | D56: =TEXT(C56,"ddd") -> Fri | E56: Present
A57: EMP001 | B57: Warehouse | C57: 46251 | D57: =TEXT(C57,"ddd") -> Mon | E57: Present
A58: EMP001 | B58: Warehouse | C58: 46252 | D58: =TEXT(C58,"ddd") -> Tue | E58: Present
A59: EMP001 | B59: Warehouse | C59: 46253 | D59: =TEXT(C59,"ddd") -> Wed | E59: Absent | F59: Sick
A60: EMP001 | B60: Warehouse | C60: 46254 | D60: =TEXT(C60,"ddd") -> Thu | E60: Present
A61: EMP001 | B61: Warehouse | C61: 46255 | D61: =TEXT(C61,"ddd") -> Fri | E61: Present
A62: EMP001 | B62: Warehouse | C62: 46258 | D62: =TEXT(C62,"ddd") -> Mon | E62: Present
A63: EMP001 | B63: Warehouse | C63: 46259 | D63: =TEXT(C63,"ddd") -> Tue | E63: Present
A64: EMP001 | B64: Warehouse | C64: 46260 | D64: =TEXT(C64,"ddd") -> Wed | E64: Absent | F64: Personal
A65: EMP001 | B65: Warehouse | C65: 46261 | D65: =TEXT(C65,"ddd") -> Thu | E65: Present
A66: EMP001 | B66: Warehouse | C66: 46262 | D66: =TEXT(C66,"ddd") -> Fri | E66: Present
A67: EMP001 | B67: Warehouse | C67: 46265 | D67: =TEXT(C67,"ddd") -> Mon | E67: Present
A68: EMP001 | B68: Warehouse | C68: 46266 | D68: =TEXT(C68,"ddd") -> Tue | E68: Present
A69: EMP001 | B69: Warehouse | C69: 46267 | D69: =TEXT(C69,"ddd") -> Wed | E69: Present
A70: EMP001 | B70: Warehouse | C70: 46268 | D70: =TEXT(C70,"ddd") -> Thu | E70: Present
A71: EMP001 | B71: Warehouse | C71: 46269 | D71: =TEXT(C71,"ddd") -> Fri | E71: Present
A72: EMP001 | B72: Warehouse | C72: 46272 | D72: =TEXT(C72,"ddd") -> Mon | E72: Present
A73: EMP001 | B73: Warehouse | C73: 46273 | D73: =TEXT(C73,"ddd") -> Tue | E73: Present
A74: EMP001 | B74: Warehouse | C74: 46274 | D74: =TEXT(C74,"ddd") -> Wed | E74: Present
A75: EMP001 | B75: Warehouse | C75: 46275 | D75: =TEXT(C75,"ddd") -> Thu | E75: Absent | F75: Vacation
A76: EMP001 | B76: Warehouse | C76: 46276 | D76: =TEXT(C76,"ddd") -> Fri | E76: Present
A77: EMP001 | B77: Warehouse | C77: 46279 | D77: =TEXT(C77,"ddd") -> Mon | E77: Present
A78: EMP001 | B78: Warehouse | C78: 46280 | D78: =TEXT(C78,"ddd") -> Tue | E78: Present
A79: EMP001 | B79: Warehouse | C79: 46281 | D79: =TEXT(C79,"ddd") -> Wed | E79: Present
A80: EMP001 | B80: Warehouse | C80: 46282 | D80: =TEXT(C80,"ddd") -> Thu | E80: Present
A81: EMP001 | B81: Warehouse | C81: 46283 | D81: =TEXT(C81,"ddd") -> Fri | E81: Present
A82: EMP001 | B82: Warehouse | C82: 46286 | D82: =TEXT(C82,"ddd") -> Mon | E82: Present
A83: EMP001 | B83: Warehouse | C83: 46287 | D83: =TEXT(C83,"ddd") -> Tue | E83: Present
A84: EMP001 | B84: Warehouse | C84: 46288 | D84: =TEXT(C84,"ddd") -> Wed | E84: Present
A85: EMP001 | B85: Warehouse | C85: 46289 | D85: =TEXT(C85,"ddd") -> Thu | E85: Present
A86: EMP001 | B86: Warehouse | C86: 46290 | D86: =TEXT(C86,"ddd") -> Fri | E86: Absent | F86: Vacation
A87: EMP002 | B87: Warehouse | C87: 46174 | D87: =TEXT(C87,"ddd") -> Mon | E87: Present
A88: EMP002 | B88: Warehouse | C88: 46175 | D88: =TEXT(C88,"ddd") -> Tue | E88: Present
A89: EMP002 | B89: Warehouse | C89: 46176 | D89: =TEXT(C89,"ddd") -> Wed | E89: Present
A90: EMP002 | B90: Warehouse | C90: 46177 | D90: =TEXT(C90,"ddd") -> Thu | E90: Present
A91: EMP002 | B91: Warehouse | C91: 46178 | D91: =TEXT(C91,"ddd") -> Fri | E91: Present
A92: EMP002 | B92: Warehouse | C92: 46181 | D92: =TEXT(C92,"ddd") -> Mon | E92: Present
A93: EMP002 | B93: Warehouse | C93: 46182 | D93: =TEXT(C93,"ddd") -> Tue | E93: Present
A94: EMP002 | B94: Warehouse | C94: 46183 | D94: =TEXT(C94,"ddd") -> Wed | E94: Present
A95: EMP002 | B95: Warehouse | C95: 46184 | D95: =TEXT(C95,"ddd") -> Thu | E95: Present
A96: EMP002 | B96: Warehouse | C96: 46185 | D96: =TEXT(C96,"ddd") -> Fri | E96: Present
A97: EMP002 | B97: Warehouse | C97: 46188 | D97: =TEXT(C97,"ddd") -> Mon | E97: Present
A98: EMP002 | B98: Warehouse | C98: 46189 | D98: =TEXT(C98,"ddd") -> Tue | E98: Present
... A106: EMP002 | B106: Warehouse | C106: 46199 | D106: =TEXT(C106,"ddd") -> Fri | E106: Present
A107: EMP002 | B107: Warehouse | C107: 46202 | D107: =TEXT(C107,"ddd") -> Mon | E107: Absent | F107: Sick
...

Sheet Absence Breakdown by Dept
A1: Absence rate by department
A3: Department | B3: Scheduled Days | C3: Absent Days | D3: Absence Rate
A4: Warehouse | B4: =COUNTIFS(Data!$B:$B,$A4,Data!$C:$C,"<>") -> 510 | C4: =COUNTIFS(Data!$B:$B,$A4,Data!$E:$E,"Absent") -> 58 | D4: =IF($B4=0,0,$C4/$B4) -> 0.11372549
A5: Customer Service | B5: =COUNTIFS(Data!$B:$B,$A5,Data!$C:$C,"<>") -> 510 | C5: =COUNTIFS(Data!$B:$B,$A5,Data!$E:$E,"Absent") -> 39 | D5: =IF($B5=0,0,$C5/$B5) -> 0.076470588
A6: Sales | B6: =COUNTIFS(Data!$B:$B,$A6,Data!$C:$C,"<>") -> 510 | C6: =COUNTIFS(Data!$B:$B,$A6,Data!$E:$E,"Absent") -> 36 | D6: =IF($B6=0,0,$C6/$B6) -> 0.070588235
A7: Operations | B7: =COUNTIFS(Data!$B:$B,$A7,Data!$C:$C,"<>") -> 510 | C7: =COUNTIFS(Data!$B:$B,$A7,Data!$E:$E,"Absent") -> 26 | D7: =IF($B7=0,0,$C7/$B7) -> 0.050980392
A26: Absence reason by department
A28: Count of Reason | B28: Department
A29: Reason | B29: Customer Service | C29: Operations | D29: Sales | E29: Warehouse | F29: Grand Total
A30: Personal | B30: 8 | C30: 6 | D30: 4 | E30: 10 | F30: 28
A31: Sick | B31: 19 | C31: 9 | D31: 12 | E31: 17 | F31: 57
A32: Unexcused | B32: 5 | C32: 5 | D32: 6 | E32: 9 | F32: 25
A33: Vacation | B33: 7 | C33: 6 | D33: 14 | E33: 22 | F33: 49
A34: Grand Total | B34: 39 | C34: 26 | D34: 36 | E34: 58 | F34: 159
A55: Monthly absence trend by department
A57: Month | B57: Warehouse | C57: Customer Service | D57: Sales | E57: Operations
A58: 46174 | B58: =IFERROR(COUNTIFS(Data!$B:$B,B$57,Data!$E:$E,"Absent",Data!$C:$C,">="&$A58,Data!$C:$C,"<"&EDATE($A58,1))/COUNTIFS(Data!$B:$B,B$57,Data!$C:$C,">="&$A58,Data!$C:$C,"<"&EDATE($A58,1)),0) -> 0.12878788 | C58: =IFERROR(COUNTIFS(Data!$B:$B,C$57,Data!$E:$E,"Absent",Data!$C:$C,">="&$A58,Data!$C:$C,"<"&EDATE($A58,1))/COUNTIFS(Data!$B:$B,C$57,Data!$C:$C,">="&$A58,Data!$C:$C,"<"&EDATE($A58,1)),0) -> 0.090909091 | D58: =IFERROR(COUNTIFS(Data!$B:$B,D$57,Data!$E:$E,"Absent",Data!$C:$C,">="&$A58,Data!$C:$C,"<"&EDATE($A58,1))/COUNTIFS(Data!$B:$B,D$57,Data!$C:$C,">="&$A58,Data!$C:$C,"<"&EDATE($A58,1)),0) -> 0.060606061 | E58: =IFERROR(COUNTIFS(Data!$B:$B,E$57,Data!$E:$E,"Absent",Data!$C:$C,">="&$A58,Data!$C:$C,"<"&EDATE($A58,1))/COUNTIFS(Data!$B:$B,E$57,Data!$C:$C,">="&$A58,Data!$C:$C,"<"&EDATE($A58,1)),0) -> 0.022727273
A59: 46204 | B59: =IFERROR(COUNTIFS(Data!$B:$B,B$57,Data!$E:$E,"Absent",Data!$C:$C,">="&$A59,Data!$C:$C,"<"&EDATE($A59,1))/COUNTIFS(Data!$B:$B,B$57,Data!$C:$C,">="&$A59,Data!$C:$C,"<"&EDATE($A59,1)),0) -> 0.12318841 | C59: =IFERROR(COUNTIFS(Data!$B:$B,C$57,Data!$E:$E,"Absent",Data!$C:$C,">="&$A59,Data!$C:$C,"<"&EDATE($A59,1))/COUNTIFS(Data!$B:$B,C$57,Data!$C:$C,">="&$A59,Data!$C:$C,"<"&EDATE($A59,1)),0) -> 0.065217391 | D59: =IFERROR(COUNTIFS(Data!$B:$B,D$57,Data!$E:$E,"Absent",Data!$C:$C,">="&$A59,Data!$C:$C,"<"&EDATE($A59,1))/COUNTIFS(Data!$B:$B,D$57,Data!$C:$C,">="&$A59,Data!$C:$C,"<"&EDATE($A59,1)),0) -> 0.065217391 | E59: =IFERROR(COUNTIFS(Data!$B:$B,E$57,Data!$E:$E,"Absent",Data!$C:$C,">="&$A59,Data!$C:$C,"<"&EDATE($A59,1))/COUNTIFS(Data!$B:$B,E$57,Data!$C:$C,">="&$A59,Data!$C:$C,"<"&EDATE($A59,1)),0) -> 0.057971014
A60: 46235 | B60: =IFERROR(COUNTIFS(Data!$B:$B,B$57,Data!$E:$E,"Absent",Data!$C:$C,">="&$A60,Data!$C:$C,"<"&EDATE($A60,1))/COUNTIFS(Data!$B:$B,B$57,Data!$C:$C,">="&$A60,Data!$C:$C,"<"&EDATE($A60,1)),0) -> 0.13492063 | C60: =IFERROR(COUNTIFS(Data!$B:$B,C$57,Data!$E:$E,"Absent",Data!$C:$C,">="&$A60,Data!$C:$C,"<"&EDATE($A60,1))/COUNTIFS(Data!$B:$B,C$57,Data!$C:$C,">="&$A60,Data!$C:$C,"<"&EDATE($A60,1)),0) -> 0.079365079 | D60: =IFERROR(COUNTIFS(Data!$B:$B,D$57,Data!$E:$E,"Absent",Data!$C:$C,">="&$A60,Data!$C:$C,"<"&EDATE($A60,1))/COUNTIFS(Data!$B:$B,D$57,Data!$C:$C,">="&$A60,Data!$C:$C,"<"&EDATE($A60,1)),0) -> 0.055555556 | E60: =IFERROR(COUNTIFS(Data!$B:$B,E$57,Data!$E:$E,"Absent",Data!$C:$C,">="&$A60,Data!$C:$C,"<"&EDATE($A60,1))/COUNTIFS(Data!$B:$B,E$57,Data!$C:$C,">="&$A60,Data!$C:$C,"<"&EDATE($A60,1)),0) -> 0.079365079
A61: 46266 | B61: =IFERROR(COUNTIFS(Data!$B:$B,B$57,Data!$E:$E,"Absent",Data!$C:$C,">="&$A61,Data!$C:$C,"<"&EDATE($A61,1))/COUNTIFS(Data!$B:$B,B$57,Data!$C:$C,">="&$A61,Data!$C:$C,"<"&EDATE($A61,1)),0) -> 0.061403509 | C61: =IFERROR(COUNTIFS(Data!$B:$B,C$57,Data!$E:$E,"Absent",Data!$C:$C,">="&$A61,Data!$C:$C,"<"&EDATE($A61,1))/COUNTIFS(Data!$B:$B,C$57,Data!$C:$C,">="&$A61,Data!$C:$C,"<"&EDATE($A61,1)),0) -> 0.070175439 | D61: =IFERROR(COUNTIFS(Data!$B:$B,D$57,Data!$E:$E,"Absent",Data!$C:$C,">="&$A61,Data!$C:$C,"<"&EDATE($A61,1))/COUNTIFS(Data!$B:$B,D$57,Data!$C:$C,">="&$A61,Data!$C:$C,"<"&EDATE($A61,1)),0) -> 0.10526316 | E61: =IFERROR(COUNTIFS(Data!$B:$B,E$57,Data!$E:$E,"Absent",Data!$C:$C,">="&$A61,Data!$C:$C,"<"&EDATE($A61,1))/COUNTIFS(Data!$B:$B,E$57,Data!$C:$C,">="&$A61,Data!$C:$C,"<"&EDATE($A61,1)),0) -> 0.043859649
A80: Weekday absence trend
A82: Weekday | B82: Total Absence | C82: Total Records | D82: Absence Rate
A83: Mon | B83: =COUNTIFS(Data!D:D,'Absence Breakdown by Dept'!A83,Data!E:E,"Absent") -> 34 | C83: =COUNTIF(Data!D:D,'Absence Breakdown by Dept'!A83) -> 408 | D83: =B83/C83 -> 0.083333333
A84: Tue | B84: =COUNTIFS(Data!D:D,'Absence Breakdown by Dept'!A84,Data!E:E,"Absent") -> 32 | C84: =COUNTIF(Data!D:D,'Absence Breakdown by Dept'!A84) -> 408 | D84: =B84/C84 -> 0.078431373
A85: Wed | B85: =COUNTIFS(Data!D:D,'Absence Breakdown by Dept'!A85,Data!E:E,"Absent") -> 27 | C85: =COUNTIF(Data!D:D,'Absence Breakdown by Dept'!A85) -> 408 | D85: =B85/C85 -> 0.066176471
A86: Thu | B86: =COUNTIFS(Data!D:D,'Absence Breakdown by Dept'!A86,Data!E:E,"Absent") -> 33 | C86: =COUNTIF(Data!D:D,'Absence Breakdown by Dept'!A86) -> 408 | D86: =B86/C86 -> 0.080882353
A87: Fri | B87: =COUNTIFS(Data!D:D,'Absence Breakdown by Dept'!A87,Data!E:E,"Absent") -> 33 | C87: =COUNTIF(Data!D:D,'Absence Breakdown by Dept'!A87) -> 408 | D87: =B87/C87 -> 0.080882353
